{
  "hash": "87fc55e5",
  "configHash": "53f078cd",
  "lockfileHash": "9cc5bd10",
  "browserHash": "b62edb33",
  "optimized": {
    "@angular/core": {
      "src": "../../../../../../node_modules/@angular/core/fesm2022/core.mjs",
      "file": "@angular_core.js",
      "fileHash": "6bcf89a6",
      "needsInterop": false
    },
    "@angular/platform-browser": {
      "src": "../../../../../../node_modules/@angular/platform-browser/fesm2022/platform-browser.mjs",
      "file": "@angular_platform-browser.js",
      "fileHash": "286ce5d9",
      "needsInterop": false
    },
    "@angular/router": {
      "src": "../../../../../../node_modules/@angular/router/fesm2022/router.mjs",
      "file": "@angular_router.js",
      "fileHash": "3d3838fb",
      "needsInterop": false
    }
  },
  "chunks": {
    "chunk-CVIMRY3Y": {
      "file": "chunk-CVIMRY3Y.js"
    },
    "chunk-NRIQAXQZ": {
      "file": "chunk-NRIQAXQZ.js"
    }
  }
}